{
  "project_info": {
    "project_number": "470243456769",
    "project_id": "gamevault-40037",
    "storage_bucket": "gamevault-40037.firebasestorage.app"
  },
  "client": [
    {
      "client_info": {
        "mobilesdk_app_id": "1:470243456769:android:04a0edc1c87064719f4d00",
        "android_client_info": {
          "package_name": "com.example.app_s10"
        }
      },
      "oauth_client": [],
      "api_key": [
        {
          "current_key": "AIzaSyCL5wDaBYtgFqnPHNN30k5cdeW9aJ3VU_U"
        }
      ],
      "services": {
        "appinvite_service": {
          "other_platform_oauth_client": []
        }
      }
    }
  ],
  "configuration_version": "1"
}